{"cameraMode":{"drawMode":0,"name":"Shaded","section":"Shading Mode"},"sceneLighting":true,"audioPlay":false,"sceneViewState":{"showFog":true,"showMaterialUpdate":false,"showSkybox":true,"showFlares":true,"showImageEffects":true,"showParticleSystems":true},"in2DMode":false,"pivot":{"x":1.6867733001708985,"y":-4.326054573059082,"z":-0.5758342742919922},"rotation":{"x":0.16610737144947053,"y":-0.44582533836364748,"z":0.0845852941274643,"w":0.8754989504814148},"size":31.65471076965332,"orthographic":false}