{"cameraMode":{"drawMode":0,"name":"Shaded","section":"Shading Mode"},"sceneLighting":false,"audioPlay":false,"sceneViewState":{"showFog":true,"showMaterialUpdate":false,"showSkybox":false,"showFlares":true,"showImageEffects":true,"showParticleSystems":true},"in2DMode":false,"pivot":{"x":4.940000057220459,"y":1.6319999694824219,"z":2.361999988555908},"rotation":{"x":-0.0801766887307167,"y":-0.8763988018035889,"z":0.15676487982273103,"w":-0.4482582211494446},"size":4.247087001800537,"orthographic":true}