{"cameraMode":{"drawMode":0,"name":"Shaded","section":"Shading Mode"},"sceneLighting":true,"audioPlay":false,"sceneViewState":{"showFog":true,"showMaterialUpdate":false,"showSkybox":true,"showFlares":true,"showImageEffects":true,"showParticleSystems":true},"in2DMode":false,"pivot":{"x":3.200000047683716,"y":1.2000000476837159,"z":0.5},"rotation":{"x":0.14926734566688538,"y":-0.047453105449676517,"z":-0.007168557960540056,"w":-0.9876380562782288},"size":48.586544036865237,"orthographic":true}