{"cameraMode":{"drawMode":0,"name":"Shaded","section":"Shading Mode"},"sceneLighting":false,"audioPlay":false,"sceneViewState":{"showFog":true,"showMaterialUpdate":false,"showSkybox":false,"showFlares":true,"showImageEffects":true,"showParticleSystems":true},"in2DMode":false,"pivot":{"x":5.079999923706055,"y":1.6319999694824219,"z":11.039999961853028},"rotation":{"x":-0.0801766887307167,"y":-0.8763988018035889,"z":0.15676487982273103,"w":-0.4482582211494446},"size":4.563321113586426,"orthographic":true}