{"cameraMode":{"drawMode":0,"name":"Shaded","section":"Shading Mode"},"sceneLighting":true,"audioPlay":false,"sceneViewState":{"showFog":true,"showMaterialUpdate":false,"showSkybox":true,"showFlares":true,"showImageEffects":true,"showParticleSystems":true},"in2DMode":false,"pivot":{"x":3.200000047683716,"y":1.2000000476837159,"z":0.5},"rotation":{"x":-0.07099539041519165,"y":-0.1608847826719284,"z":0.011607540771365166,"w":-0.9843550324440002},"size":48.586544036865237,"orthographic":true}