{"cameraMode":{"drawMode":0,"name":"Shaded","section":"Shading Mode"},"sceneLighting":true,"audioPlay":false,"sceneViewState":{"showFog":true,"showMaterialUpdate":false,"showSkybox":true,"showFlares":true,"showImageEffects":true,"showParticleSystems":true},"in2DMode":false,"pivot":{"x":4.052001953125,"y":2.6185302734375,"z":-0.646240234375},"rotation":{"x":-0.30069342255592348,"y":0.1423523873090744,"z":-0.0454416461288929,"w":-0.9419479370117188},"size":1.779321312904358,"orthographic":true}