{"cameraMode":{"drawMode":0,"name":"Shaded","section":"Shading Mode"},"sceneLighting":true,"audioPlay":false,"sceneViewState":{"showFog":true,"showMaterialUpdate":false,"showSkybox":true,"showFlares":true,"showImageEffects":true,"showParticleSystems":true},"in2DMode":false,"pivot":{"x":2.88391375541687,"y":1.2000000476837159,"z":0.5258554220199585},"rotation":{"x":0.2870965301990509,"y":-0.5239280462265015,"z":0.1932700127363205,"w":0.7782853841781616},"size":6.169288158416748,"orthographic":true}