{"cameraMode":{"drawMode":0,"name":"Shaded","section":"Shading Mode"},"sceneLighting":true,"audioPlay":false,"sceneViewState":{"showFog":true,"showMaterialUpdate":false,"showSkybox":true,"showFlares":true,"showImageEffects":true,"showParticleSystems":true},"in2DMode":false,"pivot":{"x":3.200000047683716,"y":1.2000000476837159,"z":0.5},"rotation":{"x":0.2569364905357361,"y":-0.16855144500732423,"z":0.04556070640683174,"w":0.950528085231781},"size":16.781579971313478,"orthographic":false}